904764006,臭豆腐小嫂子拯救失足男,"不说晚安,说了你也不睡",http://music.163.com/program?id=904764006
904775893,你喜欢了那么久的他，现在还有感觉吗？,Hey，你还在听吗？,http://music.163.com/program?id=904775893
904775044,【星缘星语】No.163,让我们聊聊月亮,http://music.163.com/program?id=904775044
904817403,林志炫：我是一个自私的歌手，比较少关心歌迷想听什么,文茜的音乐故事,http://music.163.com/program?id=904817403
904799749,【夜听】心，好写,夜听,http://music.163.com/program?id=904799749
904748074,意境沦陷融化深海,Konekt Asia FM,http://music.163.com/program?id=904748074
904795271,你最喜欢人民的名义中的谁?,伦敦华语电台,http://music.163.com/program?id=904795271
904825983,空虚时，你是否真正热爱独处,艳秋电台,http://music.163.com/program?id=904825983
904870600,他以《教父》夺下最佳电影配乐，让耻笑之人无话可说,文茜的异想世界,http://music.163.com/program?id=904870600
904823707,我再也没有另一个十年，能来暗恋你了,晓苏电台,http://music.163.com/program?id=904823707
904811577,小镇往事,中国怪谈,http://music.163.com/program?id=904811577
904774658,阮丹青 忠告（1998）对音乐义无反顾,林非的唱片私藏馆,http://music.163.com/program?id=904774658
904797819,谷阿莫：5分钟听完电影《无名女尸》,谷阿莫AmoGood,http://music.163.com/program?id=904797819
904881015,谢谢你，还没删掉我,一个人听,http://music.163.com/program?id=904881015
904817962,【3D环绕】,Alone (Lost Stories Remix),http://music.163.com/program?id=904817962
904868561,有些路，终究要一个人走。,程一电台,http://music.163.com/program?id=904868561
904801161,[瓷话宋金] 饮酒品茗,国宝档案,http://music.163.com/program?id=904801161
904873252,不浪漫，来点华尔兹,王东电台,http://music.163.com/program?id=904873252
904775816,为你我受冷风吹,苏仨,http://music.163.com/program?id=904775816
